	POS	REF	ALT	annotation	gene	nt_change	aa_change	FREQ	gene_POS	SNP
0	359	G	A	missense	orf1ab	94G>A	Gly32Arg	0.0556	94	orf1ab_94G>A_Gly32Arg_missense
1	362	G	A	missense	orf1ab	97G>A	As3Asn	0.0556	97	orf1ab_97G>A_As3Asn_missense
2	373	G	T	missense	orf1ab	108G>T	Glu36Asp	0.0556	108	orf1ab_108G>T_Glu36Asp_missense
3	419	G	A	missense	orf1ab	154G>A	Gly52Ser	0.0625	154	orf1ab_154G>A_Gly52Ser_missense
4	446	T	A	missense	orf1ab	181T>A	Leu61Met	0.0625	181	orf1ab_181T>A_Leu61Met_missense
5	462	A	G	missense	orf1ab	197A>G	Gln66Arg	0.0625	197	orf1ab_197A>G_Gln66Arg_missense
6	505	T	C	synonymous	orf1ab	240T>C	Pro80Pro	0.0645	240	orf1ab_240T>C_Pro80Pro_synonymous
7	537	A	T	missense	orf1ab	272A>T	Glu91Val	0.0323	272	orf1ab_272A>T_Glu91Val_missense
8	551	C	G	missense	orf1ab	286C>G	Gln96Glu	0.0323	286	orf1ab_286C>G_Gln96Glu_missense
12	696	A	C	missense	orf1ab	431A>C	As44Ala	0.0789	431	orf1ab_431A>C_As44Ala_missense
13	749	A	G	missense	orf1ab	484A>G	Asn162Asp	0.0435	484	orf1ab_484A>G_Asn162Asp_missense
14	789	G	C	missense	orf1ab	524G>C	Arg175Pro	0.04	524	orf1ab_524G>C_Arg175Pro_missense
24	859	T	C	synonymous	orf1ab	594T>C	Leu198Leu	0.04	594	orf1ab_594T>C_Leu198Leu_synonymous
29	1077	C	G	missense	orf1ab	812C>G	Pro271Arg	0.0455	812	orf1ab_812C>G_Pro271Arg_missense
30	1087	AT	A	frameshift	orf1ab	825delT	Leu277fs	0.0435	825	orf1ab_825delT_Leu277fs_frameshift
39	1220	A	C	missense	orf1ab	955A>C	Thr319Pro	0.04	955	orf1ab_955A>C_Thr319Pro_missense
40	1225	C	T	synonymous	orf1ab	960C>T	Leu320Leu	0.04	960	orf1ab_960C>T_Leu320Leu_synonymous
41	1235	G	T	missense	orf1ab	970G>T	As24Tyr	0.04	970	orf1ab_970G>T_As24Tyr_missense
45	1339	T	A	synonymous	orf1ab	1074T>A	Gly358Gly	0.0833	1074	orf1ab_1074T>A_Gly358Gly_synonymous
46	1342	C	T	synonymous	orf1ab	1077C>T	Tyr359Tyr	0.0833	1077	orf1ab_1077C>T_Tyr359Tyr_synonymous
47	1444	GA	G	frameshift	orf1ab	1183delA	Thr395fs	0.0556	1183	orf1ab_1183delA_Thr395fs_frameshift
48	1466	G	A	missense	orf1ab	1201G>A	Gly401Ser	0.0556	1201	orf1ab_1201G>A_Gly401Ser_missense
49	1484	G	C	missense	orf1ab	1219G>C	Gly407Arg	0.0556	1219	orf1ab_1219G>C_Gly407Arg_missense
67	1979	G	C	missense	orf1ab	1714G>C	Gly572Arg	0.0667	1714	orf1ab_1714G>C_Gly572Arg_missense
68	2062	C	A	synonymous	orf1ab	1797C>A	Ala599Ala	0.0556	1797	orf1ab_1797C>A_Ala599Ala_synonymous
69	2224	A	T	synonymous	orf1ab	1959A>T	Ser653Ser	0.0417	1959	orf1ab_1959A>T_Ser653Ser_synonymous
70	2341	T	C	synonymous	orf1ab	2076T>C	Ser692Ser	0.0476	2076	orf1ab_2076T>C_Ser692Ser_synonymous
71	2343	T	C	missense	orf1ab	2078T>C	Ile693Thr	0.0476	2078	orf1ab_2078T>C_Ile693Thr_missense
73	2487	T	C	missense	orf1ab	2222T>C	Phe741Ser	0.0526	2222	orf1ab_2222T>C_Phe741Ser_missense
74	2494	G	A	synonymous	orf1ab	2229G>A	Glu743Glu	0.0526	2229	orf1ab_2229G>A_Glu743Glu_synonymous
75	2503	A	G	synonymous	orf1ab	2238A>G	Thr746Thr	0.0526	2238	orf1ab_2238A>G_Thr746Thr_synonymous
76	2538	T	C	missense	orf1ab	2273T>C	Leu758Ser	0.04	2273	orf1ab_2273T>C_Leu758Ser_missense
77	2551	T	C	synonymous	orf1ab	2286T>C	As62Asp	0.08	2286	orf1ab_2286T>C_As62Asp_synonymous
78	2556	A	G	missense	orf1ab	2291A>G	Gln764Arg	0.04	2291	orf1ab_2291A>G_Gln764Arg_missense
79	2866	A	G	synonymous	orf1ab	2601A>G	Glu867Glu	0.0345	2601	orf1ab_2601A>G_Glu867Glu_synonymous
80	2938	A	G	synonymous	orf1ab	2673A>G	Thr891Thr	0.037	2673	orf1ab_2673A>G_Thr891Thr_synonymous
81	2956	A	G	synonymous	orf1ab	2691A>G	Leu897Leu	0.037	2691	orf1ab_2691A>G_Leu897Leu_synonymous
82	2979	A	T	missense	orf1ab	2714A>T	Tyr905Phe	0.0392	2714	orf1ab_2714A>T_Tyr905Phe_missense
84	2986	A	T	missense	orf1ab	2721A>T	Leu907Phe	0.0392	2721	orf1ab_2721A>T_Leu907Phe_missense
86	3008	A	T	stop	orf1ab	2743A>T	Lys915*	0.0392	2743	orf1ab_2743A>T_Lys915*_stop
88	3016	T	C	synonymous	orf1ab	2751T>C	Ala917Ala	0.0392	2751	orf1ab_2751T>C_Ala917Ala_synonymous
90	3019	A	C	synonymous	orf1ab	2754A>C	Ser918Ser	0.0588	2754	orf1ab_2754A>C_Ser918Ser_synonymous
93	3051	A	T	missense	orf1ab	2786A>T	Glu929Val	0.0392	2786	orf1ab_2786A>T_Glu929Val_missense
96	3094	A	T	synonymous	orf1ab	2829A>T	Pro943Pro	0.04	2829	orf1ab_2829A>T_Pro943Pro_synonymous
97	3136	T	C	synonymous	orf1ab	2871T>C	Gly957Gly	0.04	2871	orf1ab_2871T>C_Gly957Gly_synonymous
98	3169	T	C	synonymous	orf1ab	2904T>C	Ala968Ala	0.0377	2904	orf1ab_2904T>C_Ala968Ala_synonymous
101	3221	CA	C	frameshift	orf1ab	2959delA	Thr987fs	0.0333	2959	orf1ab_2959delA_Thr987fs_frameshift
102	3233	C	T	stop	orf1ab	2968C>T	Gln990*	0.0333	2968	orf1ab_2968C>T_Gln990*_stop
103	3281	G	A	missense	orf1ab	3016G>A	Val1006Ile	0.0333	3016	orf1ab_3016G>A_Val1006Ile_missense
112	3407	G	T	stop	orf1ab	3142G>T	Glu1048*	0.0333	3142	orf1ab_3142G>T_Glu1048*_stop
113	3410	G	T	missense	orf1ab	3145G>T	Ala1049Ser	0.0333	3145	orf1ab_3145G>T_Ala1049Ser_missense
114	3414	A	T	missense	orf1ab	3149A>T	Lys1050Ile	0.0333	3149	orf1ab_3149A>T_Lys1050Ile_missense
115	3427	A	G	synonymous	orf1ab	3162A>G	Pro1054Pro	0.0333	3162	orf1ab_3162A>G_Pro1054Pro_synonymous
116	3444	C	T	missense	orf1ab	3179C>T	Ala1060Val	0.0333	3179	orf1ab_3179C>T_Ala1060Val_missense
120	3558	A	G	missense	orf1ab	3293A>G	Lys1098Arg	0.0455	3293	orf1ab_3293A>G_Lys1098Arg_missense
121	3596	G	A	missense	orf1ab	3331G>A	Ala1111Thr	0.0455	3331	orf1ab_3331G>A_Ala1111Thr_missense
122	3596	G	T	missense	orf1ab	3331G>T	Ala1111Ser	0.0455	3331	orf1ab_3331G>T_Ala1111Ser_missense
123	3598	T	A	synonymous	orf1ab	3333T>A	Ala1111Ala	0.0455	3333	orf1ab_3333T>A_Ala1111Ala_synonymous
130	3703	A	T	synonymous	orf1ab	3438A>T	Ala1146Ala	0.04	3438	orf1ab_3438A>T_Ala1146Ala_synonymous
131	3709	A	T	missense	orf1ab	3444A>T	Leu1148Phe	0.069	3444	orf1ab_3444A>T_Leu1148Phe_missense
132	3716	G	T	missense	orf1ab	3451G>T	Ala1151Ser	0.0345	3451	orf1ab_3451G>T_Ala1151Ser_missense
133	3753	G	T	missense	orf1ab	3488G>T	Arg1163Ile	0.0345	3488	orf1ab_3488G>T_Arg1163Ile_missense
134	3771	T	C	missense	orf1ab	3506T>C	Val1169Ala	0.0345	3506	orf1ab_3506T>C_Val1169Ala_missense
135	3803	A	G	missense	orf1ab	3538A>G	Lys1180Glu	0.0385	3538	orf1ab_3538A>G_Lys1180Glu_missense
137	3812	T	C	missense	orf1ab	3547T>C	Tyr1183His	0.0577	3547	orf1ab_3547T>C_Tyr1183His_missense
139	3866	CA	C	frameshift	orf1ab	3605delA	Lys1202fs	0.0417	3605	orf1ab_3605delA_Lys1202fs_frameshift
140	3882	T	G	missense	orf1ab	3617T>G	Ile1206Ser	0.0417	3617	orf1ab_3617T>G_Ile1206Ser_missense
141	3913	T	C	synonymous	orf1ab	3648T>C	Thr1216Thr	0.0417	3648	orf1ab_3648T>C_Thr1216Thr_synonymous
143	4014	C	A	missense	orf1ab	3749C>A	Thr1250Lys	0.0571	3749	orf1ab_3749C>A_Thr1250Lys_missense
144	4031	T	C	missense	orf1ab	3766T>C	Tyr1256His	0.0833	3766	orf1ab_3766T>C_Tyr1256His_missense
150	4206	C	A	missense	orf1ab	3941C>A	Ala1314Glu	0.0303	3941	orf1ab_3941C>A_Ala1314Glu_missense
151	4212	C	A	missense	orf1ab	3947C>A	Ala1316Asp	0.0303	3947	orf1ab_3947C>A_Ala1316Asp_missense
155	4215	T	G	missense	orf1ab	3950T>G	Leu1317Trp	0.0303	3950	orf1ab_3950T>G_Leu1317Trp_missense
159	4249	T	A	synonymous	orf1ab	3984T>A	Thr1328Thr	0.0303	3984	orf1ab_3984T>A_Thr1328Thr_synonymous
165	4341	T	C	missense	orf1ab	4076T>C	Ile1359Thr	0.0435	4076	orf1ab_4076T>C_Ile1359Thr_missense
167	4426	A	G	synonymous	orf1ab	4161A>G	Lys1387Lys	0.0588	4161	orf1ab_4161A>G_Lys1387Lys_synonymous
168	4462	T	A	synonymous	orf1ab	4197T>A	Val1399Val	0.0345	4197	orf1ab_4197T>A_Val1399Val_synonymous
169	4471	A	G	missense	orf1ab	4206A>G	Ile1402Met	0.0345	4206	orf1ab_4206A>G_Ile1402Met_missense
170	4487	G	T	missense	orf1ab	4222G>T	Gly1408Cys	0.0345	4222	orf1ab_4222G>T_Gly1408Cys_missense
171	4583	G	A	missense	orf1ab	4318G>A	As440Asn	0.0667	4318	orf1ab_4318G>A_As440Asn_missense
172	4591	T	G	missense	orf1ab	4326T>G	Asn1442Lys	0.0667	4326	orf1ab_4326T>G_Asn1442Lys_missense
173	4768	T	C	synonymous	orf1ab	4503T>C	Phe1501Phe	0.0417	4503	orf1ab_4503T>C_Phe1501Phe_synonymous
174	4771	T	C	synonymous	orf1ab	4506T>C	Ile1502Ile	0.04	4506	orf1ab_4506T>C_Ile1502Ile_synonymous
182	4901	CT	C	frameshift	orf1ab	4637delT	Leu1546fs	0.0385	4637	orf1ab_4637delT_Leu1546fs_frameshift
184	5045	T	C	missense	orf1ab	4780T>C	Phe1594Leu	0.0526	4780	orf1ab_4780T>C_Phe1594Leu_missense
185	5064	A	G	missense	orf1ab	4799A>G	As600Gly	0.0526	4799	orf1ab_4799A>G_As600Gly_missense
186	5106	A	T	missense	orf1ab	4841A>T	Glu1614Val	0.0645	4841	orf1ab_4841A>T_Glu1614Val_missense
187	5154	A	G	missense	orf1ab	4889A>G	Glu1630Gly	0.0323	4889	orf1ab_4889A>G_Glu1630Gly_missense
188	5159	T	C	missense	orf1ab	4894T>C	Phe1632Leu	0.0323	4894	orf1ab_4894T>C_Phe1632Leu_missense
189	5224	T	A	synonymous	orf1ab	4959T>A	Thr1653Thr	0.0769	4959	orf1ab_4959T>A_Thr1653Thr_synonymous
190	5333	T	A	missense	orf1ab	5068T>A	Phe1690Ile	0.0385	5068	orf1ab_5068T>A_Phe1690Ile_missense
191	5374	G	A	synonymous	orf1ab	5109G>A	Arg1703Arg	0.0385	5109	orf1ab_5109G>A_Arg1703Arg_synonymous
192	5393	T	C	missense	orf1ab	5128T>C	Phe1710Leu	0.0385	5128	orf1ab_5128T>C_Phe1710Leu_missense
193	5398	T	C	synonymous	orf1ab	5133T>C	Cys1711Cys	0.0345	5133	orf1ab_5133T>C_Cys1711Cys_synonymous
194	5402	C	T	missense	orf1ab	5137C>T	Leu1713Phe	0.0444	5137	orf1ab_5137C>T_Leu1713Phe_missense
200	5457	C	T	missense	orf1ab	5192C>T	Thr1731Ile	0.2667	5192	orf1ab_5192C>T_Thr1731Ile_missense
203	5500	A	G	synonymous	orf1ab	5235A>G	Lys1745Lys	0.0444	5235	orf1ab_5235A>G_Lys1745Lys_synonymous
204	5507	T	C	synonymous	orf1ab	5242T>C	Leu1748Leu	0.05	5242	orf1ab_5242T>C_Leu1748Leu_synonymous
205	5520	G	A	missense	orf1ab	5255G>A	Cys1752Tyr	0.05	5255	orf1ab_5255G>A_Cys1752Tyr_missense
206	5552	A	G	missense	orf1ab	5287A>G	Lys1763Glu	0.05	5287	orf1ab_5287A>G_Lys1763Glu_missense
214	5821	A	G	synonymous	orf1ab	5556A>G	Leu1852Leu	0.0455	5556	orf1ab_5556A>G_Leu1852Leu_synonymous
217	5916	T	C	missense	orf1ab	5651T>C	Leu1884Ser	0.075	5651	orf1ab_5651T>C_Leu1884Ser_missense
218	5974	C	A	missense	orf1ab	5709C>A	As903Glu	0.0526	5709	orf1ab_5709C>A_As903Glu_missense
219	6056	G	A	missense	orf1ab	5791G>A	Val1931Ile	0.0426	5791	orf1ab_5791G>A_Val1931Ile_missense
221	6062	G	T	missense	orf1ab	5797G>T	As933Tyr	0.0426	5797	orf1ab_5797G>T_As933Tyr_missense
223	6131	A	G	missense	orf1ab	5866A>G	Lys1956Glu	0.0345	5866	orf1ab_5866A>G_Lys1956Glu_missense
224	6159	G	A	missense	orf1ab	5894G>A	Gly1965Asp	0.0345	5894	orf1ab_5894G>A_Gly1965Asp_missense
225	6209	G	A	missense	orf1ab	5944G>A	Gly1982Arg	0.0517	5944	orf1ab_5944G>A_Gly1982Arg_missense
230	6231	C	T	missense	orf1ab	5966C>T	Pro1989Leu	0.0517	5966	orf1ab_5966C>T_Pro1989Leu_missense
234	6335	T	G	missense	orf1ab	6070T>G	Ser2024Ala	0.0492	6070	orf1ab_6070T>G_Ser2024Ala_missense
240	6422	GA	G	frameshift	orf1ab	6161delA	Asn2054fs	0.0313	6161	orf1ab_6161delA_Asn2054fs_frameshift
241	6432	C	A	missense	orf1ab	6167C>A	Thr2056Asn	0.0313	6167	orf1ab_6167C>A_Thr2056Asn_missense
242	6442	A	G	synonymous	orf1ab	6177A>G	Lys2059Lys	0.0313	6177	orf1ab_6177A>G_Lys2059Lys_synonymous
243	6451	T	C	synonymous	orf1ab	6186T>C	Leu2062Leu	0.0313	6186	orf1ab_6186T>C_Leu2062Leu_synonymous
244	6463	G	T	synonymous	orf1ab	6198G>T	Val2066Val	0.0313	6198	orf1ab_6198G>T_Val2066Val_synonymous
250	6579	T	C	missense	orf1ab	6314T>C	Leu2105Pro	0.0417	6314	orf1ab_6314T>C_Leu2105Pro_missense
251	6580	T	C	synonymous	orf1ab	6315T>C	Leu2105Leu	0.0417	6315	orf1ab_6315T>C_Leu2105Leu_synonymous
252	6600	A	G	missense	orf1ab	6335A>G	Glu2112Gly	0.0417	6335	orf1ab_6335A>G_Glu2112Gly_missense
253	6608	A	G	missense	orf1ab	6343A>G	Arg2115Gly	0.0417	6343	orf1ab_6343A>G_Arg2115Gly_missense
260	6696	C	CT	frameshift	orf1ab	6435dupT	Leu2146fs	0.1045	6435	orf1ab_6435dupT_Leu2146fs_frameshift
268	6787	T	C	synonymous	orf1ab	6522T>C	Thr2174Thr	0.0357	6522	orf1ab_6522T>C_Thr2174Thr_synonymous
272	6876	A	T	missense	orf1ab	6611A>T	Lys2204Met	0.0417	6611	orf1ab_6611A>T_Lys2204Met_missense
273	6897	T	C	missense	orf1ab	6632T>C	Leu2211Pro	0.0417	6632	orf1ab_6632T>C_Leu2211Pro_missense
274	6972	T	C	missense	orf1ab	6707T>C	Leu2236Ser	0.0833	6707	orf1ab_6707T>C_Leu2236Ser_missense
275	7012	T	C	synonymous	orf1ab	6747T>C	Ala2249Ala	0.0833	6747	orf1ab_6747T>C_Ala2249Ala_synonymous
276	7019	G	GT	frameshift	orf1ab	6758dupT	Leu2253fs	0.0833	6758	orf1ab_6758dupT_Leu2253fs_frameshift
277	7196	A	T	missense	orf1ab	6931A>T	Ile2311Phe	0.0667	6931	orf1ab_6931A>T_Ile2311Phe_missense
278	7342	T	C	synonymous	orf1ab	7077T>C	Ile2359Ile	0.0385	7077	orf1ab_7077T>C_Ile2359Ile_synonymous
279	7354	G	A	stop	orf1ab	7089G>A	Tr363*	0.0385	7089	orf1ab_7089G>A_Tr363*_stop
280	7370	A	G	missense	orf1ab	7105A>G	Ile2369Val	0.0385	7105	orf1ab_7105A>G_Ile2369Val_missense
281	7374	A	G	missense	orf1ab	7109A>G	Asn2370Ser	0.0385	7109	orf1ab_7109A>G_Asn2370Ser_missense
282	7491	G	A	missense	orf1ab	7226G>A	Cys2409Tyr	0.0345	7226	orf1ab_7226G>A_Cys2409Tyr_missense
283	7654	AT	A	frameshift	orf1ab	7392delT	Phe2464fs	0.0313	7392	orf1ab_7392delT_Phe2464fs_frameshift
284	7733	A	G	missense	orf1ab	7468A>G	Ile2490Val	0.0417	7468	orf1ab_7468A>G_Ile2490Val_missense
285	7767	T	C	missense	orf1ab	7502T>C	Ile2501Thr	0.0417	7502	orf1ab_7502T>C_Ile2501Thr_missense
290	7889	G	GT	frameshift&stop	orf1ab	7629dupT	As544fs	0.0435	7629	orf1ab_7629dupT_As544fs_frameshift&stop
291	7907	A	G	missense	orf1ab	7642A>G	Lys2548Glu	0.0435	7642	orf1ab_7642A>G_Lys2548Glu_missense
292	7926	C	T	missense	orf1ab	7661C>T	Ala2554Val	0.0435	7661	orf1ab_7661C>T_Ala2554Val_missense
293	8022	T	C	missense	orf1ab	7757T>C	Val2586Ala	0.0417	7757	orf1ab_7757T>C_Val2586Ala_missense
294	8028	T	C	missense	orf1ab	7763T>C	Val2588Ala	0.0417	7763	orf1ab_7763T>C_Val2588Ala_missense
295	8035	G	T	missense	orf1ab	7770G>T	Met2590Ile	0.0417	7770	orf1ab_7770G>T_Met2590Ile_missense
296	8050	T	TA	frameshift	orf1ab	7787dupA	Asn2596fs	0.0417	7787	orf1ab_7787dupA_Asn2596fs_frameshift
297	8068	T	C	synonymous	orf1ab	7803T>C	Thr2601Thr	0.0417	7803	orf1ab_7803T>C_Thr2601Thr_synonymous
308	8229	T	A	missense	orf1ab	7964T>A	Leu2655His	0.0476	7964	orf1ab_7964T>A_Leu2655His_missense
312	8432	G	A	missense	orf1ab	8167G>A	Glu2723Lys	0.0465	8167	orf1ab_8167G>A_Glu2723Lys_missense
322	8456	A	C	missense	orf1ab	8191A>C	Ser2731Arg	0.0465	8191	orf1ab_8191A>C_Ser2731Arg_missense
332	8474	A	T	missense	orf1ab	8209A>T	Asn2737Tyr	0.0465	8209	orf1ab_8209A>T_Asn2737Tyr_missense
334	8476	C	A	missense	orf1ab	8211C>A	Asn2737Lys	0.0465	8211	orf1ab_8211C>A_Asn2737Lys_missense
338	8492	A	T	missense	orf1ab	8227A>T	Thr2743Ser	0.0465	8227	orf1ab_8227A>T_Thr2743Ser_missense
339	8560	T	C	synonymous	orf1ab	8295T>C	Ile2765Ile	0.0417	8295	orf1ab_8295T>C_Ile2765Ile_synonymous
340	8620	T	C	synonymous	orf1ab	8355T>C	Ala2785Ala	0.0769	8355	orf1ab_8355T>C_Ala2785Ala_synonymous
342	8711	G	C	missense	orf1ab	8446G>C	Val2816Leu	0.0625	8446	orf1ab_8446G>C_Val2816Leu_missense
343	8763	A	T	missense	orf1ab	8498A>T	As833Val	0.0323	8498	orf1ab_8498A>T_As833Val_missense
344	8782	C	T	synonymous	orf1ab	8517C>T	Ser2839Ser	0.9032	8517	orf1ab_8517C>T_Ser2839Ser_synonymous
345	8783	C	T	stop	orf1ab	8518C>T	Gln2840*	0.0645	8518	orf1ab_8518C>T_Gln2840*_stop
348	8998	A	G	synonymous	orf1ab	8733A>G	Ser2911Ser	0.0417	8733	orf1ab_8733A>G_Ser2911Ser_synonymous
349	9023	A	G	missense	orf1ab	8758A>G	Thr2920Ala	0.0417	8758	orf1ab_8758A>G_Thr2920Ala_missense
350	9023	A	T	missense	orf1ab	8758A>T	Thr2920Ser	0.0417	8758	orf1ab_8758A>T_Thr2920Ser_missense
355	9082	A	T	synonymous	orf1ab	8817A>T	Leu2939Leu	0.05	8817	orf1ab_8817A>T_Leu2939Leu_synonymous
359	9229	T	C	synonymous	orf1ab	8964T>C	Thr2988Thr	0.0357	8964	orf1ab_8964T>C_Thr2988Thr_synonymous
360	9230	T	C	missense	orf1ab	8965T>C	Cys2989Arg	0.0714	8965	orf1ab_8965T>C_Cys2989Arg_missense
361	9232	T	A	stop	orf1ab	8967T>A	Cys2989*	0.0357	8967	orf1ab_8967T>A_Cys2989*_stop
362	9240	C	T	missense	orf1ab	8975C>T	Ser2992Leu	0.0357	8975	orf1ab_8975C>T_Ser2992Leu_missense
363	9384	C	T	missense	orf1ab	9119C>T	Ala3040Val	0.0435	9119	orf1ab_9119C>T_Ala3040Val_missense
364	9419	A	C	missense	orf1ab	9154A>C	Ile3052Leu	0.0435	9154	orf1ab_9154A>C_Ile3052Leu_missense
365	9434	G	A	missense	orf1ab	9169G>A	Val3057Ile	0.0435	9169	orf1ab_9169G>A_Val3057Ile_missense
366	9512	T	A	missense	orf1ab	9247T>A	Leu3083Ile	0.0323	9247	orf1ab_9247T>A_Leu3083Ile_missense
367	9530	T	A	missense	orf1ab	9265T>A	Phe3089Ile	0.0323	9265	orf1ab_9265T>A_Phe3089Ile_missense
368	9537	T	A	missense	orf1ab	9272T>A	Val3091Glu	0.0323	9272	orf1ab_9272T>A_Val3091Glu_missense
369	9544	T	C	synonymous	orf1ab	9279T>C	Cys3093Cys	0.0323	9279	orf1ab_9279T>C_Cys3093Cys_synonymous
370	9547	A	G	synonymous	orf1ab	9282A>G	Leu3094Leu	0.0323	9282	orf1ab_9282A>G_Leu3094Leu_synonymous
371	9548	A	T	missense	orf1ab	9283A>T	Thr3095Ser	0.0323	9283	orf1ab_9283A>T_Thr3095Ser_missense
372	9594	T	C	missense	orf1ab	9329T>C	Leu3110Ser	0.05	9329	orf1ab_9329T>C_Leu3110Ser_missense
375	9649	G	A	stop	orf1ab	9384G>A	Tr128*	0.0323	9384	orf1ab_9384G>A_Tr128*_stop
391	9892	TC	T	frameshift	orf1ab	9628delC	Leu3210fs	0.0769	9628	orf1ab_9628delC_Leu3210fs_frameshift
392	9912	A	T	missense	orf1ab	9647A>T	Tyr3216Phe	0.0769	9647	orf1ab_9647A>T_Tyr3216Phe_missense
393	10015	C	T	synonymous	orf1ab	9750C>T	Tyr3250Tyr	0.0435	9750	orf1ab_9750C>T_Tyr3250Tyr_synonymous
397	10178	G	T	missense	orf1ab	9913G>T	Val3305Leu	0.0333	9913	orf1ab_9913G>T_Val3305Leu_missense
398	10192	T	C	synonymous	orf1ab	9927T>C	Ser3309Ser	0.0333	9927	orf1ab_9927T>C_Ser3309Ser_synonymous
401	10237	G	A	synonymous	orf1ab	9972G>A	Lys3324Lys	0.0377	9972	orf1ab_9972G>A_Lys3324Lys_synonymous
402	10238	T	C	missense	orf1ab	9973T>C	Ser3325Pro	0.0377	9973	orf1ab_9973T>C_Ser3325Pro_missense
407	10277	C	A	missense	orf1ab	10012C>A	Leu3338Ile	0.0377	10012	orf1ab_10012C>A_Leu3338Ile_missense
411	10301	CA	C	frameshift	orf1ab	10040delA	Asn3347fs	0.0377	10040	orf1ab_10040delA_Asn3347fs_frameshift
414	10328	G	T	missense	orf1ab	10063G>T	As355Tyr	0.0417	10063	orf1ab_10063G>T_As355Tyr_missense
415	10333	A	G	synonymous	orf1ab	10068A>G	Thr3356Thr	0.0417	10068	orf1ab_10068A>G_Thr3356Thr_synonymous
416	10351	TA	T	frameshift	orf1ab	10088delA	Lys3363fs	0.0417	10088	orf1ab_10088delA_Lys3363fs_frameshift
417	10360	G	GT	frameshift	orf1ab	10098dupT	Val3367fs	0.0417	10098	orf1ab_10098dupT_Val3367fs_frameshift
419	10404	G	A	missense	orf1ab	10139G>A	Cys3380Tyr	0.0588	10139	orf1ab_10139G>A_Cys3380Tyr_missense
420	10418	C	T	missense	orf1ab	10153C>T	Pro3385Ser	0.0588	10153	orf1ab_10153C>T_Pro3385Ser_missense
421	10540	G	A	missense	orf1ab	10275G>A	Met3425Ile	0.0385	10275	orf1ab_10275G>A_Met3425Ile_missense
422	10541	C	T	missense	orf1ab	10276C>T	His3426Tyr	0.0385	10276	orf1ab_10276C>T_His3426Tyr_missense
423	10542	A	G	missense	orf1ab	10277A>G	His3426Arg	0.0385	10277	orf1ab_10277A>G_His3426Arg_missense
424	10543	C	A	missense	orf1ab	10278C>A	His3426Gln	0.0385	10278	orf1ab_10278C>A_His3426Gln_missense
425	10619	C	A	missense	orf1ab	10354C>A	Gln3452Lys	0.0625	10354	orf1ab_10354C>A_Gln3452Lys_missense
426	10648	A	G	synonymous	orf1ab	10383A>G	Thr3461Thr	0.0625	10383	orf1ab_10383A>G_Thr3461Thr_synonymous
427	10708	G	A	stop	orf1ab	10443G>A	Tr481*	0.0541	10443	orf1ab_10443G>A_Tr481*_stop
433	10915	A	G	synonymous	orf1ab	10650A>G	Leu3550Leu	0.0556	10650	orf1ab_10650A>G_Leu3550Leu_synonymous
434	10922	G	A	missense	orf1ab	10657G>A	Glu3553Lys	0.0556	10657	orf1ab_10657G>A_Glu3553Lys_missense
435	10960	T	C	synonymous	orf1ab	10695T>C	Gly3565Gly	0.0556	10695	orf1ab_10695T>C_Gly3565Gly_synonymous
436	10969	C	A	missense	orf1ab	10704C>A	Phe3568Leu	0.0556	10704	orf1ab_10704C>A_Phe3568Leu_missense
437	10971	A	G	missense	orf1ab	10706A>G	Gln3569Arg	0.0556	10706	orf1ab_10706A>G_Gln3569Arg_missense
438	10980	T	C	missense	orf1ab	10715T>C	Val3572Ala	0.0556	10715	orf1ab_10715T>C_Val3572Ala_missense
439	10984	A	T	missense	orf1ab	10719A>T	Lys3573Asn	0.0556	10719	orf1ab_10719A>T_Lys3573Asn_missense
444	11088	A	T	missense	orf1ab	10823A>T	Glu3608Val	0.0455	10823	orf1ab_10823A>T_Glu3608Val_missense
445	11095	C	CT	frameshift	orf1ab	10835dupT	Leu3612fs	0.0455	10835	orf1ab_10835dupT_Leu3612fs_frameshift
446	11111	A	T	missense	orf1ab	10846A>T	Met3616Leu	0.0455	10846	orf1ab_10846A>T_Met3616Leu_missense
447	11120	A	T	missense	orf1ab	10855A>T	Ile3619Phe	0.0455	10855	orf1ab_10855A>T_Ile3619Phe_missense
448	11126	A	T	missense	orf1ab	10861A>T	Met3621Leu	0.0455	10861	orf1ab_10861A>T_Met3621Leu_missense
449	11132	G	C	missense	orf1ab	10867G>C	Ala3623Pro	0.0455	10867	orf1ab_10867G>C_Ala3623Pro_missense
450	11133	C	T	missense	orf1ab	10868C>T	Ala3623Val	0.0455	10868	orf1ab_10868C>T_Ala3623Val_missense
451	11141	A	T	missense	orf1ab	10876A>T	Met3626Leu	0.0455	10876	orf1ab_10876A>T_Met3626Leu_missense
452	11144	A	T	missense	orf1ab	10879A>T	Met3627Leu	0.0455	10879	orf1ab_10879A>T_Met3627Leu_missense
456	11200	C	T	synonymous	orf1ab	10935C>T	Ala3645Ala	0.0526	10935	orf1ab_10935C>T_Ala3645Ala_synonymous
458	11260	A	G	synonymous	orf1ab	10995A>G	Thr3665Thr	0.0588	10995	orf1ab_10995A>G_Thr3665Thr_synonymous
459	11263	G	A	stop	orf1ab	10998G>A	Tr666*	0.0588	10998	orf1ab_10998G>A_Tr666*_stop
460	11268	A	G	missense	orf1ab	11003A>G	As668Gly	0.0588	11003	orf1ab_11003A>G_As668Gly_missense
461	11283	GT	G	frameshift	orf1ab	11021delT	Leu3674fs	0.0588	11021	orf1ab_11021delT_Leu3674fs_frameshift
462	11348	A	G	missense	orf1ab	11083A>G	Met3695Val	0.0417	11083	orf1ab_11083A>G_Met3695Val_missense
465	11395	A	T	synonymous	orf1ab	11130A>T	Thr3710Thr	0.0313	11130	orf1ab_11130A>T_Thr3710Thr_synonymous
466	11404	T	A	missense	orf1ab	11139T>A	Asn3713Lys	0.0313	11139	orf1ab_11139T>A_Asn3713Lys_missense
467	11410	G	A	synonymous	orf1ab	11145G>A	Leu3715Leu	0.0313	11145	orf1ab_11145G>A_Leu3715Leu_synonymous
468	11411	A	T	missense	orf1ab	11146A>T	Thr3716Ser	0.0313	11146	orf1ab_11146A>T_Thr3716Ser_missense
469	11416	C	A	synonymous	orf1ab	11151C>A	Leu3717Leu	0.0313	11151	orf1ab_11151C>A_Leu3717Leu_synonymous
470	11422	TA	T	frameshift	orf1ab	11160delA	Val3721fs	0.0313	11160	orf1ab_11160delA_Val3721fs_frameshift
471	11442	C	T	missense	orf1ab	11177C>T	Ala3726Val	0.0313	11177	orf1ab_11177C>T_Ala3726Val_missense
475	11465	T	C	missense	orf1ab	11200T>C	Tr734Arg	0.0317	11200	orf1ab_11200T>C_Tr734Arg_missense
484	11500	A	C	synonymous	orf1ab	11235A>C	Ser3745Ser	0.0317	11235	orf1ab_11235A>C_Ser3745Ser_synonymous
491	11521	G	T	missense	orf1ab	11256G>T	Met3752Ile	0.0317	11256	orf1ab_11256G>T_Met3752Ile_missense
497	11634	G	T	missense	orf1ab	11369G>T	Cys3790Phe	0.0444	11369	orf1ab_11369G>T_Cys3790Phe_missense
501	11712	C	A	missense	orf1ab	11447C>A	Ser3816Tyr	0.0333	11447	orf1ab_11447C>A_Ser3816Tyr_missense
502	11717	C	A	missense	orf1ab	11452C>A	Gln3818Lys	0.0333	11452	orf1ab_11452C>A_Gln3818Lys_missense
503	11732	A	G	missense	orf1ab	11467A>G	Met3823Val	0.0333	11467	orf1ab_11467A>G_Met3823Val_missense
504	11749	A	G	synonymous	orf1ab	11484A>G	Leu3828Leu	0.0333	11484	orf1ab_11484A>G_Leu3828Leu_synonymous
505	11785	C	A	synonymous	orf1ab	11520C>A	Leu3840Leu	0.0667	11520	orf1ab_11520C>A_Leu3840Leu_synonymous
506	11795	T	C	synonymous	orf1ab	11530T>C	Leu3844Leu	0.0333	11530	orf1ab_11530T>C_Leu3844Leu_synonymous
507	11812	C	CA	frameshift	orf1ab	11550dupA	Pro3851fs	0.0588	11550	orf1ab_11550dupA_Pro3851fs_frameshift
508	11813	A	G	missense	orf1ab	11548A>G	Lys3850Glu	0.0588	11548	orf1ab_11548A>G_Lys3850Glu_missense
509	11821	T	C	synonymous	orf1ab	11556T>C	Cys3852Cys	0.0588	11556	orf1ab_11556T>C_Cys3852Cys_synonymous
510	11854	A	G	synonymous	orf1ab	11589A>G	Ser3863Ser	0.0588	11589	orf1ab_11589A>G_Ser3863Ser_synonymous
511	11905	A	G	synonymous	orf1ab	11640A>G	Arg3880Arg	0.0377	11640	orf1ab_11640A>G_Arg3880Arg_synonymous
519	12053	C	A	missense	orf1ab	11788C>A	Leu3930Ile	0.0441	11788	orf1ab_11788C>A_Leu3930Ile_missense
526	12152	G	A	missense	orf1ab	11887G>A	Ala3963Thr	0.0526	11887	orf1ab_11887G>A_Ala3963Thr_missense
531	12215	T	C	synonymous	orf1ab	11950T>C	Leu3984Leu	0.0351	11950	orf1ab_11950T>C_Leu3984Leu_synonymous
532	12225	C	A	missense	orf1ab	11960C>A	Ala3987Asp	0.0351	11960	orf1ab_11960C>A_Ala3987Asp_missense
537	12395	G	A	missense	orf1ab	12130G>A	Ala4044Thr	0.037	12130	orf1ab_12130G>A_Ala4044Thr_missense
538	12403	C	T	synonymous	orf1ab	12138C>T	Asn4046Asn	0.037	12138	orf1ab_12138C>T_Asn4046Asn_synonymous
539	12414	AC	A	frameshift	orf1ab	12150delC	Asn4050fs	0.037	12150	orf1ab_12150delC_Asn4050fs_frameshift
551	12551	T	A	missense	orf1ab	12286T>A	Tr096Arg	0.0526	12286	orf1ab_12286T>A_Tr096Arg_missense
555	12621	C	A	stop	orf1ab	12356C>A	Ser4119*	0.0317	12356	orf1ab_12356C>A_Ser4119*_stop
557	12666	A	T	missense	orf1ab	12401A>T	Asn4134Ile	0.0385	12401	orf1ab_12401A>T_Asn4134Ile_missense
558	12669	C	G	missense	orf1ab	12404C>G	Ser4135Cys	0.0385	12404	orf1ab_12404C>G_Ser4135Cys_missense
559	12675	T	A	missense	orf1ab	12410T>A	Val4137Asp	0.0385	12410	orf1ab_12410T>A_Val4137Asp_missense
560	12683	C	T	stop	orf1ab	12418C>T	Gln4140*	0.0385	12418	orf1ab_12418C>T_Gln4140*_stop
565	12804	T	C	missense	orf1ab	12539T>C	Phe4180Ser	0.0455	12539	orf1ab_12539T>C_Phe4180Ser_missense
566	12812	G	A	missense	orf1ab	12547G>A	Ala4183Thr	0.0455	12547	orf1ab_12547G>A_Ala4183Thr_missense
573	13005	C	T	missense	orf1ab	12740C>T	Ala4247Val	0.0417	12740	orf1ab_12740C>T_Ala4247Val_missense
574	13049	G	A	missense	orf1ab	12784G>A	Ala4262Thr	0.0484	12784	orf1ab_12784G>A_Ala4262Thr_missense
576	13055	T	C	missense	orf1ab	12790T>C	Ser4264Pro	0.0323	12790	orf1ab_12790T>C_Ser4264Pro_missense
577	13072	C	T	synonymous	orf1ab	12807C>T	Phe4269Phe	0.0323	12807	orf1ab_12807C>T_Phe4269Phe_synonymous
592	13361	A	G	missense	orf1ab	13096A>G	Lys4366Glu	0.0448	13096	orf1ab_13096A>G_Lys4366Glu_missense
596	13516	A	C	missense	orf1ab	13252A>C	Thr4418Pro	0.087	13252	orf1ab_13252A>C_Thr4418Pro_missense
597	13519	A	C	missense	orf1ab	13255A>C	Ser4419Arg	0.0435	13255	orf1ab_13255A>C_Ser4419Arg_missense
602	13587	A	G	synonymous	orf1ab	13323A>G	Leu4441Leu	0.0435	13323	orf1ab_13323A>G_Leu4441Leu_synonymous
605	13648	T	C	missense	orf1ab	13384T>C	Phe4462Leu	0.0429	13384	orf1ab_13384T>C_Phe4462Leu_missense
626	14029	C	T	stop	orf1ab	13765C>T	Arg4589*	0.0345	13765	orf1ab_13765C>T_Arg4589*_stop
633	14128	G	A	missense	orf1ab	13864G>A	Gly4622Arg	0.0351	13864	orf1ab_13864G>A_Gly4622Arg_missense
637	14168	CTA	C	frameshift	orf1ab	13908_13909delAT	Leu4637fs	0.0345	13908_13909	orf1ab_13908_13909delAT_Leu4637fs_frameshift
638	14172	A	G	missense	orf1ab	13908A>G	Ile4636Met	0.0345	13908	orf1ab_13908A>G_Ile4636Met_missense
639	14177	C	T	missense	orf1ab	13913C>T	Thr4638Ile	0.0345	13913	orf1ab_13913C>T_Thr4638Ile_missense
640	14184	C	T	synonymous	orf1ab	13920C>T	Thr4640Thr	0.0345	13920	orf1ab_13920C>T_Thr4640Thr_synonymous
641	14193	A	T	missense	orf1ab	13929A>T	Leu4643Phe	0.0345	13929	orf1ab_13929A>T_Leu4643Phe_missense
642	14200	G	T	stop	orf1ab	13936G>T	Glu4646*	0.0345	13936	orf1ab_13936G>T_Glu4646*_stop
655	14408	C	T	missense	orf1ab	14144C>T	Pro4715Leu	0.0625	14144	orf1ab_14144C>T_Pro4715Leu_missense
667	14680	A	G	missense	orf1ab	14416A>G	Asn4806Asp	0.0526	14416	orf1ab_14416A>G_Asn4806Asp_missense
676	14746	G	A	missense	orf1ab	14482G>A	Glu4828Lys	0.0426	14482	orf1ab_14482G>A_Glu4828Lys_missense
680	14833	G	T	missense	orf1ab	14569G>T	As857Tyr	0.0313	14569	orf1ab_14569G>T_As857Tyr_missense
681	14839	A	G	missense	orf1ab	14575A>G	Arg4859Gly	0.0313	14575	orf1ab_14575A>G_Arg4859Gly_missense
684	15001	T	G	missense	orf1ab	14737T>G	Tyr4913Asp	0.0645	14737	orf1ab_14737T>G_Tyr4913Asp_missense
688	15026	C	A	missense	orf1ab	14762C>A	Ala4921Glu	0.0469	14762	orf1ab_14762C>A_Ala4921Glu_missense
690	15042	T	G	missense	orf1ab	14778T>G	Asn4926Lys	0.0469	14778	orf1ab_14778T>G_Asn4926Lys_missense
692	15044	T	G	missense	orf1ab	14780T>G	Val4927Gly	0.0313	14780	orf1ab_14780T>G_Val4927Gly_missense
693	15045	C	A	synonymous	orf1ab	14781C>A	Val4927Val	0.0313	14781	orf1ab_14781C>A_Val4927Val_synonymous
694	15047	T	C	missense	orf1ab	14783T>C	Ile4928Thr	0.0781	14783	orf1ab_14783T>C_Ile4928Thr_missense
696	15060	T	A	synonymous	orf1ab	14796T>A	Thr4932Thr	0.0469	14796	orf1ab_14796T>A_Thr4932Thr_synonymous
698	15066	G	A	missense	orf1ab	14802G>A	Met4934Ile	0.0625	14802	orf1ab_14802G>A_Met4934Ile_missense
699	15069	T	A	missense	orf1ab	14805T>A	Asn4935Lys	0.0313	14805	orf1ab_14805T>A_Asn4935Lys_missense
700	15072	T	A	synonymous	orf1ab	14808T>A	Leu4936Leu	0.0469	14808	orf1ab_14808T>A_Leu4936Leu_synonymous
702	15075	G	T	missense	orf1ab	14811G>T	Lys4937Asn	0.0625	14811	orf1ab_14811G>T_Lys4937Asn_missense
703	15082	A	T	missense	orf1ab	14818A>T	Ile4940Phe	0.0625	14818	orf1ab_14818A>T_Ile4940Phe_missense
704	15089	C	A	missense	orf1ab	14825C>A	Ala4942Glu	0.0938	14825	orf1ab_14825C>A_Ala4942Glu_missense
707	15093	G	A	synonymous	orf1ab	14829G>A	Lys4943Lys	0.0313	14829	orf1ab_14829G>A_Lys4943Lys_synonymous
708	15102	T	A	synonymous	orf1ab	14838T>A	Ala4946Ala	0.0313	14838	orf1ab_14838T>A_Ala4946Ala_synonymous
710	15106	A	C	missense	orf1ab	14842A>C	Thr4948Pro	0.1406	14842	orf1ab_14842A>C_Thr4948Pro_missense
712	15109	G	T	missense	orf1ab	14845G>T	Val4949Leu	0.0313	14845	orf1ab_14845G>T_Val4949Leu_missense
713	15116	G	T	missense	orf1ab	14852G>T	Gly4951Val	0.0741	14852	orf1ab_14852G>T_Gly4951Val_missense
714	15122	C	T	missense	orf1ab	14858C>T	Ser4953Phe	0.0741	14858	orf1ab_14858C>T_Ser4953Phe_missense
715	15131	G	A	missense	orf1ab	14867G>A	Ser4956Asn	0.0741	14867	orf1ab_14867G>A_Ser4956Asn_missense
716	15131	G	T	missense	orf1ab	14867G>T	Ser4956Ile	0.037	14867	orf1ab_14867G>T_Ser4956Ile_missense
717	15132	T	A	missense	orf1ab	14868T>A	Ser4956Arg	0.0741	14868	orf1ab_14868T>A_Ser4956Arg_missense
718	15135	T	A	synonymous	orf1ab	14871T>A	Thr4957Thr	0.0741	14871	orf1ab_14871T>A_Thr4957Thr_synonymous
719	15137	T	C	missense	orf1ab	14873T>C	Met4958Thr	0.037	14873	orf1ab_14873T>C_Met4958Thr_missense
720	15138	G	A	missense	orf1ab	14874G>A	Met4958Ile	0.1111	14874	orf1ab_14874G>A_Met4958Ile_missense
721	15139	A	C	missense	orf1ab	14875A>C	Thr4959Pro	0.0741	14875	orf1ab_14875A>C_Thr4959Pro_missense
722	15150	G	T	missense	orf1ab	14886G>T	Gln4962His	0.1111	14886	orf1ab_14886G>T_Gln4962His_missense
723	15156	T	A	missense	orf1ab	14892T>A	His4964Gln	0.037	14892	orf1ab_14892T>A_His4964Gln_missense
724	15165	A	T	missense	orf1ab	14901A>T	Leu4967Phe	0.037	14901	orf1ab_14901A>T_Leu4967Phe_missense
725	15168	G	A	synonymous	orf1ab	14904G>A	Leu4968Leu	0.1852	14904	orf1ab_14904G>A_Leu4968Leu_synonymous
728	15255	T	C	synonymous	orf1ab	14991T>C	Val4997Val	0.0385	14991	orf1ab_14991T>C_Val4997Val_synonymous
729	15387	A	C	synonymous	orf1ab	15123A>C	Ser5041Ser	0.0392	15123	orf1ab_15123A>C_Ser5041Ser_synonymous
734	15421	C	G	missense	orf1ab	15157C>G	Gln5053Glu	0.037	15157	orf1ab_15157C>G_Gln5053Glu_missense
735	15462	T	G	stop	orf1ab	15198T>G	Tyr5066*	0.0385	15198	orf1ab_15198T>G_Tyr5066*_stop
742	15523	A	G	missense	orf1ab	15259A>G	Asn5087Asp	0.0429	15259	orf1ab_15259A>G_Asn5087Asp_missense
756	15633	C	T	synonymous	orf1ab	15369C>T	Leu5123Leu	0.0444	15369	orf1ab_15369C>T_Leu5123Leu_synonymous
775	15892	A	G	missense	orf1ab	15628A>G	Met5210Val	0.0323	15628	orf1ab_15628A>G_Met5210Val_missense
776	15900	T	C	synonymous	orf1ab	15636T>C	Val5212Val	0.0323	15636	orf1ab_15636T>C_Val5212Val_synonymous
777	15913	G	A	missense	orf1ab	15649G>A	As217Asn	0.0323	15649	orf1ab_15649G>A_As217Asn_missense
778	15917	A	G	missense	orf1ab	15653A>G	Tyr5218Cys	0.0323	15653	orf1ab_15653A>G_Tyr5218Cys_missense
779	15920	T	A	missense	orf1ab	15656T>A	Val5219Glu	0.0323	15656	orf1ab_15656T>A_Val5219Glu_missense
780	15945	AAG	A	frameshift	orf1ab	15683_15684delGA	Arg5228fs	0.0323	15683_15684	orf1ab_15683_15684delGA_Arg5228fs_frameshift
781	15952	C	A	missense	orf1ab	15688C>A	Leu5230Ile	0.0323	15688	orf1ab_15688C>A_Leu5230Ile_missense
783	15965	G	T	missense	orf1ab	15701G>T	Cys5234Phe	0.0448	15701	orf1ab_15701G>T_Cys5234Phe_missense
784	15965	G	GT	frameshift	orf1ab	15705dupT	Val5236fs	0.1045	15705	orf1ab_15705dupT_Val5236fs_frameshift
806	16234	C	T	stop	orf1ab	15970C>T	Gln5324*	0.0303	15970	orf1ab_15970C>T_Gln5324*_stop
807	16265	C	T	missense	orf1ab	16001C>T	Ser5334Leu	0.0469	16001	orf1ab_16001C>T_Ser5334Leu_missense
809	16294	A	C	missense	orf1ab	16030A>C	Ile5344Leu	0.0313	16030	orf1ab_16030A>C_Ile5344Leu_missense
810	16297	C	A	missense	orf1ab	16033C>A	Arg5345Ser	0.0313	16033	orf1ab_16033C>A_Arg5345Ser_missense
811	16303	C	A	missense	orf1ab	16039C>A	Pro5347Thr	0.0469	16039	orf1ab_16039C>A_Pro5347Thr_missense
814	16334	A	T	missense	orf1ab	16070A>T	His5357Leu	0.0313	16070	orf1ab_16070A>T_His5357Leu_missense
815	16346	C	A	missense	orf1ab	16082C>A	Thr5361Lys	0.0469	16082	orf1ab_16082C>A_Thr5361Lys_missense
816	16360	G	A	missense	orf1ab	16096G>A	Val5366Ile	0.0313	16096	orf1ab_16096G>A_Val5366Ile_missense
817	16374	T	A	missense	orf1ab	16110T>A	Asn5370Lys	0.0313	16110	orf1ab_16110T>A_Asn5370Lys_missense
818	16383	T	A	synonymous	orf1ab	16119T>A	Val5373Val	0.0313	16119	orf1ab_16119T>A_Val5373Val_synonymous
819	16408	A	G	missense	orf1ab	16144A>G	Thr5382Ala	0.0313	16144	orf1ab_16144A>G_Thr5382Ala_missense
822	16469	C	T	missense	orf1ab	16205C>T	Pro5402Leu	0.08	16205	orf1ab_16205C>T_Pro5402Leu_missense
828	16672	A	T	stop	orf1ab	16408A>T	Lys5470*	0.0476	16408	orf1ab_16408A>T_Lys5470*_stop
829	16677	G	T	synonymous	orf1ab	16413G>T	Leu5471Leu	0.0476	16413	orf1ab_16413G>T_Leu5471Leu_synonymous
830	16681	T	C	missense	orf1ab	16417T>C	Tyr5473His	0.0476	16417	orf1ab_16417T>C_Tyr5473His_missense
831	16696	G	A	missense	orf1ab	16432G>A	Val5478Ile	0.0476	16432	orf1ab_16432G>A_Val5478Ile_missense
832	16710	G	C	synonymous	orf1ab	16446G>C	Leu5482Leu	0.0476	16446	orf1ab_16446G>C_Leu5482Leu_synonymous
836	16790	A	G	missense	orf1ab	16526A>G	Tyr5509Cys	0.0635	16526	orf1ab_16526A>G_Tyr5509Cys_missense
872	17111	C	T	missense	orf1ab	16847C>T	Ala5616Val	0.03	16847	orf1ab_16847C>T_Ala5616Val_missense
878	17211	G	T	missense	orf1ab	16947G>T	Leu5649Phe	0.0506	16947	orf1ab_16947G>T_Leu5649Phe_missense
882	17256	A	G	synonymous	orf1ab	16992A>G	Val5664Val	0.038	16992	orf1ab_16992A>G_Val5664Val_synonymous
891	17423	A	G	missense	orf1ab	17159A>G	Tyr5720Cys	0.0328	17159	orf1ab_17159A>G_Tyr5720Cys_missense
892	17493	A	G	synonymous	orf1ab	17229A>G	Pro5743Pro	0.0385	17229	orf1ab_17229A>G_Pro5743Pro_synonymous
912	17791	A	T	missense	orf1ab	17527A>T	Asn5843Tyr	0.0833	17527	orf1ab_17527A>T_Asn5843Tyr_missense
913	17829	A	G	synonymous	orf1ab	17565A>G	Gln5855Gln	0.0476	17565	orf1ab_17565A>G_Gln5855Gln_synonymous
914	17842	TCA	T	frameshift	orf1ab	17581_17582delCA	Gln5861fs	0.0476	17581_17582	orf1ab_17581_17582delCA_Gln5861fs_frameshift
915	17851	T	A	missense	orf1ab	17587T>A	Ser5863Thr	0.0476	17587	orf1ab_17587T>A_Ser5863Thr_missense
916	17859	T	C	synonymous	orf1ab	17595T>C	Tyr5865Tyr	0.0476	17595	orf1ab_17595T>C_Tyr5865Tyr_synonymous
917	17868	C	A	synonymous	orf1ab	17604C>A	Val5868Val	0.0476	17604	orf1ab_17604C>A_Val5868Val_synonymous
918	17874	C	T	synonymous	orf1ab	17610C>T	Phe5870Phe	0.0476	17610	orf1ab_17610C>T_Phe5870Phe_synonymous
919	17909	TA	T	frameshift	orf1ab	17648delA	Asn5883fs	0.0476	17648	orf1ab_17648delA_Asn5883fs_frameshift
921	18085	A	C	missense	orf1ab	17821A>C	Thr5941Pro	0.04	17821	orf1ab_17821A>C_Thr5941Pro_missense
922	18087	T	C	synonymous	orf1ab	17823T>C	Thr5941Thr	0.04	17823	orf1ab_17823T>C_Thr5941Thr_synonymous
923	18097	C	T	missense	orf1ab	17833C>T	Pro5945Ser	0.04	17833	orf1ab_17833C>T_Pro5945Ser_missense
924	18109	C	T	missense	orf1ab	17845C>T	Pro5949Ser	0.0357	17845	orf1ab_17845C>T_Pro5949Ser_missense
934	18215	G	T	missense	orf1ab	17951G>T	Gly5984Val	0.0313	17951	orf1ab_17951G>T_Gly5984Val_missense
935	18241	G	T	missense	orf1ab	17977G>T	Gly5993Cys	0.0313	17977	orf1ab_17977G>T_Gly5993Cys_missense
944	18514	T	C	missense	orf1ab	18250T>C	Tr084Arg	0.0313	18250	orf1ab_18250T>C_Tr084Arg_missense
945	18534	G	A	synonymous	orf1ab	18270G>A	Lys6090Lys	0.0313	18270	orf1ab_18270G>A_Lys6090Lys_synonymous
946	18540	A	G	synonymous	orf1ab	18276A>G	Val6092Val	0.0313	18276	orf1ab_18276A>G_Val6092Val_synonymous
947	18571	T	C	missense	orf1ab	18307T>C	Ser6103Pro	0.0313	18307	orf1ab_18307T>C_Ser6103Pro_missense
948	18584	T	C	missense	orf1ab	18320T>C	Val6107Ala	0.0313	18320	orf1ab_18320T>C_Val6107Ala_missense
949	18595	TG	T	frameshift	orf1ab	18334delG	Ala6112fs	0.0313	18334	orf1ab_18334delG_Ala6112fs_frameshift
951	18631	T	C	missense	orf1ab	18367T>C	Phe6123Leu	0.0364	18367	orf1ab_18367T>C_Phe6123Leu_missense
953	18638	A	G	missense	orf1ab	18374A>G	Lys6125Arg	0.0364	18374	orf1ab_18374A>G_Lys6125Arg_missense
954	18679	G	C	missense	orf1ab	18415G>C	Ala6139Pro	0.0417	18415	orf1ab_18415G>C_Ala6139Pro_missense
955	18695	C	G	missense	orf1ab	18431C>G	Thr6144Ser	0.0417	18431	orf1ab_18431C>G_Thr6144Ser_missense
957	18763	A	G	missense	orf1ab	18499A>G	Ile6167Val	0.0455	18499	orf1ab_18499A>G_Ile6167Val_missense
962	18851	GT	G	frameshift	orf1ab	18589delT	Cys6197fs	0.0476	18589	orf1ab_18589delT_Cys6197fs_frameshift
972	19149	T	C	synonymous	orf1ab	18885T>C	Tyr6295Tyr	0.0323	18885	orf1ab_18885T>C_Tyr6295Tyr_synonymous
973	19153	A	T	missense	orf1ab	18889A>T	Thr6297Ser	0.0323	18889	orf1ab_18889A>T_Thr6297Ser_missense
974	19155	A	G	synonymous	orf1ab	18891A>G	Thr6297Thr	0.0323	18891	orf1ab_18891A>G_Thr6297Thr_synonymous
975	19160	C	T	missense	orf1ab	18896C>T	Ser6299Phe	0.0323	18896	orf1ab_18896C>T_Ser6299Phe_missense
976	19162	G	T	missense	orf1ab	18898G>T	As300Tyr	0.0323	18898	orf1ab_18898G>T_As300Tyr_missense
977	19171	A	G	missense	orf1ab	18907A>G	Thr6303Ala	0.0323	18907	orf1ab_18907A>G_Thr6303Ala_missense
978	19202	A	G	missense	orf1ab	18938A>G	Asn6313Ser	0.0323	18938	orf1ab_18938A>G_Asn6313Ser_missense
979	19246	A	G	missense	orf1ab	18982A>G	Thr6328Ala	0.0357	18982	orf1ab_18982A>G_Thr6328Ala_missense
984	19344	T	C	synonymous	orf1ab	19080T>C	Ala6360Ala	0.0385	19080	orf1ab_19080T>C_Ala6360Ala_synonymous
985	19370	T	A	missense	orf1ab	19106T>A	Phe6369Tyr	0.0385	19106	orf1ab_19106T>A_Phe6369Tyr_missense
986	19385	A	G	missense	orf1ab	19121A>G	As374Gly	0.0417	19121	orf1ab_19121A>G_As374Gly_missense
991	19469	G	T	missense	orf1ab	19205G>T	Cys6402Phe	0.0435	19205	orf1ab_19205G>T_Cys6402Phe_missense
992	19523	T	A	missense	orf1ab	19259T>A	Leu6420His	0.0435	19259	orf1ab_19259T>A_Leu6420His_missense
993	19525	G	C	missense	orf1ab	19261G>C	As421His	0.0435	19261	orf1ab_19261G>C_As421His_missense
994	19546	T	A	missense	orf1ab	19282T>A	Ser6428Thr	0.0435	19282	orf1ab_19282T>A_Ser6428Thr_missense
997	19647	T	A	synonymous	orf1ab	19383T>A	Val6461Val	0.0333	19383	orf1ab_19383T>A_Val6461Val_synonymous
1004	19797	TA	T	frameshift	orf1ab	19535delA	Lys6512fs	0.0476	19535	orf1ab_19535delA_Lys6512fs_frameshift
1005	19818	A	G	synonymous	orf1ab	19554A>G	Val6518Val	0.0476	19554	orf1ab_19554A>G_Val6518Val_synonymous
1006	19832	T	A	missense	orf1ab	19568T>A	Ile6523Lys	0.0476	19568	orf1ab_19568T>A_Ile6523Lys_missense
1007	19842	T	G	missense	orf1ab	19578T>G	Asn6526Lys	0.0476	19578	orf1ab_19578T>G_Asn6526Lys_missense
1009	19886	A	G	missense	orf1ab	19622A>G	Lys6541Arg	0.0625	19622	orf1ab_19622A>G_Lys6541Arg_missense
1012	19942	G	C	missense	orf1ab	19678G>C	Ala6560Pro	0.0357	19678	orf1ab_19678G>C_Ala6560Pro_missense
1013	19978	A	T	missense	orf1ab	19714A>T	Thr6572Ser	0.0357	19714	orf1ab_19714A>T_Thr6572Ser_missense
1014	19979	C	T	missense	orf1ab	19715C>T	Thr6572Ile	0.0357	19715	orf1ab_19715C>T_Thr6572Ile_missense
1015	19983	C	T	synonymous	orf1ab	19719C>T	Val6573Val	0.0357	19719	orf1ab_19719C>T_Val6573Val_synonymous
1016	19983	CT	C	frameshift	orf1ab	19725delT	Phe6575fs	0.0357	19725	orf1ab_19725delT_Phe6575fs_frameshift
1017	19983	C	CT	frameshift&stop	orf1ab	19725dupT	As576fs	0.0357	19725	orf1ab_19725dupT_As576fs_frameshift&stop
1020	20059	A	G	missense	orf1ab	19795A>G	Ser6599Gly	0.0339	19795	orf1ab_19795A>G_Ser6599Gly_missense
1022	20116	A	G	missense	orf1ab	19852A>G	Thr6618Ala	0.0313	19852	orf1ab_19852A>G_Thr6618Ala_missense
1023	20128	G	T	stop	orf1ab	19864G>T	Glu6622*	0.0313	19864	orf1ab_19864G>T_Glu6622*_stop
1024	20130	A	G	synonymous	orf1ab	19866A>G	Glu6622Glu	0.0313	19866	orf1ab_19866A>G_Glu6622Glu_synonymous
1025	20136	A	G	synonymous	orf1ab	19872A>G	Val6624Val	0.0313	19872	orf1ab_19872A>G_Val6624Val_synonymous
1026	20139	A	T	missense	orf1ab	19875A>T	Lys6625Asn	0.0313	19875	orf1ab_19875A>T_Lys6625Asn_missense
1027	20149	A	C	missense	orf1ab	19885A>C	Asn6629His	0.0313	19885	orf1ab_19885A>C_Asn6629His_missense
1028	20150	A	T	missense	orf1ab	19886A>T	Asn6629Ile	0.0313	19886	orf1ab_19886A>T_Asn6629Ile_missense
1029	20164	G	T	missense	orf1ab	19900G>T	Val6634Phe	0.0313	19900	orf1ab_19900G>T_Val6634Phe_missense
1030	20172	T	A	synonymous	orf1ab	19908T>A	Gly6636Gly	0.0313	19908	orf1ab_19908T>A_Gly6636Gly_synonymous
1031	20350	C	A	missense	orf1ab	20086C>A	Gln6696Lys	0.0556	20086	orf1ab_20086C>A_Gln6696Lys_missense
1032	20354	T	C	missense	orf1ab	20090T>C	Leu6697Ser	0.0556	20090	orf1ab_20090T>C_Leu6697Ser_missense
1033	20456	T	C	missense	orf1ab	20192T>C	Phe6731Ser	0.1	20192	orf1ab_20192T>C_Phe6731Ser_missense
1034	20514	A	G	synonymous	orf1ab	20250A>G	Leu6750Leu	0.0377	20250	orf1ab_20250A>G_Leu6750Leu_synonymous
1076	21128	T	C	missense	orf1ab	20864T>C	Ile6955Thr	0.0357	20864	orf1ab_20864T>C_Ile6955Thr_missense
1077	21184	TG	T	frameshift	orf1ab	20922delG	Tr974fs	0.0625	20922	orf1ab_20922delG_Tr974fs_frameshift
1078	21228	G	T	missense	orf1ab	20964G>T	Tr988Cys	0.0435	20964	orf1ab_20964G>T_Tr988Cys_missense
1089	21476	C	A	missense	orf1ab	21212C>A	Ser7071Tyr	0.0556	21212	orf1ab_21212C>A_Ser7071Tyr_missense
1093	21640	T	C	synonymous	S	78T>C	Pro26Pro	0.04	78	S_78T>C_Pro26Pro_synonymous
1094	21645	A	T	missense	S	83A>T	Tyr28Phe	0.04	83	S_83A>T_Tyr28Phe_missense
1095	21648	C	T	missense	S	86C>T	Thr29Ile	0.04	86	S_86C>T_Thr29Ile_missense
1096	21657	T	A	missense	S	95T>A	Phe32Tyr	0.04	95	S_95T>A_Phe32Tyr_missense
1098	21711	C	T	missense	S	149C>T	Ser50Leu	0.0345	149	S_149C>T_Ser50Leu_missense
1103	21784	T	G	missense	S	222T>G	Asn74Lys	0.0588	222	S_222T>G_Asn74Lys_missense
1104	21797	T	A	missense	S	235T>A	Phe79Ile	0.0328	235	S_235T>A_Phe79Ile_missense
1113	21866	A	C	synonymous	S	304A>C	Arg102Arg	0.0484	304	S_304A>C_Arg102Arg_synonymous
1117	21902	A	T	missense	S	340A>T	Thr114Ser	0.0323	340	S_340A>T_Thr114Ser_missense
1118	21918	T	C	missense	S	356T>C	Ile119Thr	0.0333	356	S_356T>C_Ile119Thr_missense
1119	21924	A	G	missense	S	362A>G	Asn121Ser	0.0333	362	S_362A>G_Asn121Ser_missense
1120	21940	T	C	synonymous	S	378T>C	Val126Val	0.0333	378	S_378T>C_Val126Val_synonymous
1121	21946	T	C	synonymous	S	384T>C	Ile128Ile	0.0345	384	S_384T>C_Ile128Ile_synonymous
1126	22085	T	C	missense	S	523T>C	Phe175Leu	0.0435	523	S_523T>C_Phe175Leu_missense
1138	22212	C	T	missense	S	650C>T	Pro217Leu	0.0476	650	S_650C>T_Pro217Leu_missense
1139	22224	CG	C	frameshift	S	664delG	Ala222fs	0.0476	664	S_664delG_Ala222fs_frameshift
1140	22252	A	G	synonymous	S	690A>G	Pro230Pro	0.0476	690	S_690A>G_Pro230Pro_synonymous
1141	22318	T	C	synonymous	S	756T>C	Gly252Gly	0.0417	756	S_756T>C_Gly252Gly_synonymous
1142	22560	C	A	missense	S	998C>A	Thr333Lys	0.0357	998	S_998C>A_Thr333Lys_missense
1143	22572	C	A	missense	S	1010C>A	Pro337His	0.0357	1010	S_1010C>A_Pro337His_missense
1144	22605	C	T	missense	S	1043C>T	Ala348Val	0.0357	1043	S_1043C>T_Ala348Val_missense
1152	22712	C	A	missense	S	1150C>A	Pro384Thr	0.0435	1150	S_1150C>A_Pro384Thr_missense
1164	22954	T	A	missense	S	1392T>A	Phe464Leu	0.0345	1392	S_1392T>A_Phe464Leu_missense
1176	23227	T	C	synonymous	S	1665T>C	Ser555Ser	0.037	1665	S_1665T>C_Ser555Ser_synonymous
1177	23261	A	T	stop	S	1699A>T	Arg567*	0.037	1699	S_1699A>T_Arg567*_stop
1178	23263	A	G	synonymous	S	1701A>G	Arg567Arg	0.037	1701	S_1701A>G_Arg567Arg_synonymous
1181	23349	G	T	missense	S	1787G>T	Ser596Ile	0.0351	1787	S_1787G>T_Ser596Ile_missense
1182	23384	G	A	missense	S	1822G>A	Val608Ile	0.0323	1822	S_1822G>A_Val608Ile_missense
1183	23387	G	A	missense	S	1825G>A	Ala609Thr	0.0323	1825	S_1825G>A_Ala609Thr_missense
1184	23403	A	G	missense	S	1841A>G	As14Gly	0.0645	1841	S_1841A>G_As14Gly_missense
1185	23442	A	C	missense	S	1880A>C	As27Ala	0.0323	1880	S_1880A>C_As27Ala_missense
1191	23607	G	T	missense	S	2045G>T	Arg682Leu	0.1111	2045	S_2045G>T_Arg682Leu_missense
1193	23618	A	C	missense	S	2056A>C	Ser686Arg	0.037	2056	S_2056A>C_Ser686Arg_missense
1194	23618	A	T	missense	S	2056A>T	Ser686Cys	0.0926	2056	S_2056A>T_Ser686Cys_missense
1195	23626	T	G	synonymous	S	2064T>G	Ala688Ala	0.037	2064	S_2064T>G_Ala688Ala_synonymous
1196	23629	T	A	missense	S	2067T>A	Ser689Arg	0.037	2067	S_2067T>A_Ser689Arg_missense
1197	23633	T	A	missense	S	2071T>A	Ser691Thr	0.0741	2071	S_2071T>A_Ser691Thr_missense
1198	23634	C	T	missense	S	2072C>T	Ser691Phe	0.0556	2072	S_2072C>T_Ser691Phe_missense
1202	23650	T	C	synonymous	S	2088T>C	Thr696Thr	0.0926	2088	S_2088T>C_Thr696Thr_synonymous
1203	23655	C	T	missense	S	2093C>T	Ser698Leu	0.0741	2093	S_2093C>T_Ser698Leu_missense
1204	23656	A	C	synonymous	S	2094A>C	Ser698Ser	0.0926	2094	S_2094A>C_Ser698Ser_synonymous
1205	23658	T	A	missense	S	2096T>A	Leu699His	0.037	2096	S_2096T>A_Leu699His_missense
1208	23701	C	G	synonymous	S	2139C>G	Ala713Ala	0.0303	2139	S_2139C>G_Ala713Ala_synonymous
1209	23784	A	G	missense	S	2222A>G	Tyr741Cys	0.0303	2222	S_2222A>G_Tyr741Cys_missense
1215	24048	C	T	missense	S	2486C>T	Ala829Val	0.0345	2486	S_2486C>T_Ala829Val_missense
1216	24072	A	G	missense	S	2510A>G	Tyr837Cys	0.0357	2510	S_2510A>G_Tyr837Cys_missense
1223	24374	C	T	missense	S	2812C>T	Leu938Phe	0.0385	2812	S_2812C>T_Leu938Phe_missense
1225	24469	T	G	missense	S	2907T>G	Asn969Lys	0.0435	2907	S_2907T>G_Asn969Lys_missense
1226	24470	T	A	missense	S	2908T>A	Phe970Ile	0.0435	2908	S_2908T>A_Phe970Ile_missense
1227	24472	T	C	synonymous	S	2910T>C	Phe970Phe	0.0435	2910	S_2910T>C_Phe970Phe_synonymous
1228	24475	T	A	synonymous	S	2913T>A	Gly971Gly	0.0435	2913	S_2913T>A_Gly971Gly_synonymous
1229	24476	G	A	missense	S	2914G>A	Ala972Thr	0.0435	2914	S_2914G>A_Ala972Thr_missense
1230	24479	A	G	missense	S	2917A>G	Ile973Val	0.0435	2917	S_2917A>G_Ile973Val_missense
1231	24480	T	C	missense	S	2918T>C	Ile973Thr	0.0435	2918	S_2918T>C_Ile973Thr_missense
1232	24481	T	G	missense	S	2919T>G	Ile973Met	0.0435	2919	S_2919T>G_Ile973Met_missense
1233	24500	A	G	missense	S	2938A>G	Ile980Val	0.0455	2938	S_2938A>G_Ile980Val_missense
1234	24564	T	G	missense	S	3002T>G	Leu1001Arg	0.037	3002	S_3002T>G_Leu1001Arg_missense
1235	24577	G	A	synonymous	S	3015G>A	Gln1005Gln	0.037	3015	S_3015G>A_Gln1005Gln_synonymous
1236	24580	A	G	synonymous	S	3018A>G	Thr1006Thr	0.037	3018	S_3018A>G_Thr1006Thr_synonymous
1237	24588	C	G	missense	S	3026C>G	Thr1009Ser	0.037	3026	S_3026C>G_Thr1009Ser_missense
1238	24609	C	T	missense	S	3047C>T	Ala1016Val	0.037	3047	S_3047C>T_Ala1016Val_missense
1239	24735	A	T	missense	S	3173A>T	His1058Leu	0.0303	3173	S_3173A>T_His1058Leu_missense
1240	24738	G	A	missense	S	3176G>A	Gly1059Asp	0.1212	3176	S_3176G>A_Gly1059Asp_missense
1241	24792	C	T	missense	S	3230C>T	Thr1077Ile	0.0357	3230	S_3230C>T_Thr1077Ile_missense
1248	24946	T	C	synonymous	S	3384T>C	Val1128Val	0.05	3384	S_3384T>C_Val1128Val_synonymous
1249	24961	C	A	synonymous	S	3399C>A	Val1133Val	0.05	3399	S_3399C>A_Val1133Val_synonymous
1250	25011	A	G	missense	S	3449A>G	Glu1150Gly	0.0303	3449	S_3449A>G_Glu1150Gly_missense
1251	25039	T	A	missense	S	3477T>A	His1159Gln	0.0303	3477	S_3477T>A_His1159Gln_missense
1255	25416	C	T	synonymous	ORF3a	24C>T	Phe8Phe	0.0345	24	ORF3a_24C>T_Phe8Phe_synonymous
1256	25444	G	T	missense	ORF3a	52G>T	Gly18Cys	0.0323	52	ORF3a_52G>T_Gly18Cys_missense
1264	25498	C	A	missense	ORF3a	106C>A	Pro36Thr	0.0323	106	ORF3a_106C>A_Pro36Thr_missense
1274	25632	T	C	synonymous	ORF3a	240T>C	Val80Val	0.0513	240	ORF3a_240T>C_Val80Val_synonymous
1275	25832	T	C	missense	ORF3a	440T>C	Leu147Pro	0.0833	440	ORF3a_440T>C_Leu147Pro_missense
1276	25928	T	C	missense	ORF3a	536T>C	Ile179Thr	0.0323	536	ORF3a_536T>C_Ile179Thr_missense
1277	25935	A	T	missense	ORF3a	543A>T	Glu181Asp	0.0323	543	ORF3a_543A>T_Glu181Asp_missense
1278	26057	A	T	missense	ORF3a	665A>T	As22Val	0.08	665	ORF3a_665A>T_As22Val_missense
1282	26153	G	T	missense	ORF3a	761G>T	Gly254Val	0.0645	761	ORF3a_761G>T_Gly254Val_missense
1283	26173	G	A	missense	ORF3a	781G>A	Glu261Lys	0.0323	781	ORF3a_781G>A_Glu261Lys_missense
1291	26491	T	C	intergenic	E-M	26491T>C		0.04	26491	E-M_26491T>C__intergenic
1292	26549	C	T	synonymous	M	27C>T	Thr9Thr	0.0556	27	M_27C>T_Thr9Thr_synonymous
1293	26562	A	G	missense	M	40A>G	Lys14Glu	0.0926	40	M_40A>G_Lys14Glu_missense
1294	26637	T	A	missense	M	115T>A	Tyr39Asn	0.0333	115	M_115T>A_Tyr39Asn_missense
1295	26638	A	G	missense	M	116A>G	Tyr39Cys	0.0333	116	M_116A>G_Tyr39Cys_missense
1296	26659	T	TC	frameshift	M	137_138isC	Leu46fs	0.0333	137_138	M_137_138isC_Leu46fs_frameshift
1301	26735	C	T	synonymous	M	213C>T	Tyr71Tyr	0.0303	213	M_213C>T_Tyr71Tyr_synonymous
1311	27027	A	C	missense	M	505A>C	Thr169Pro	0.0417	505	M_505A>C_Thr169Pro_missense
1312	27032	T	A	synonymous	M	510T>A	Val170Val	0.0417	510	M_510T>A_Val170Val_synonymous
1313	27040	C	A	stop	M	518C>A	Ser173*	0.0417	518	M_518C>A_Ser173*_stop
1314	27083	A	G	synonymous	M	561A>G	Val187Val	0.0435	561	M_561A>G_Val187Val_synonymous
1315	27094	C	G	stop	M	572C>G	Ser191*	0.0667	572	M_572C>G_Ser191*_stop
1337	27389	C	T	intergenic	ORF6-ORF7a	27389C>T		0.087	27389	ORF6-ORF7a_27389C>T__intergenic
1338	27390	G	T	intergenic	ORF6-ORF7a	27390G>T		0.0435	27390	ORF6-ORF7a_27390G>T__intergenic
1339	27421	A	T	missense	ORF7a	28A>T	Ile10Leu	0.0435	28	ORF7a_28A>T_Ile10Leu_missense
1340	27443	T	C	missense	ORF7a	50T>C	Leu17Pro	0.0435	50	ORF7a_50T>C_Leu17Pro_missense
1341	27477	A	T	synonymous	ORF7a	84A>T	Thr28Thr	0.0417	84	ORF7a_84A>T_Thr28Thr_synonymous
1342	27488	A	G	missense	ORF7a	95A>G	Lys32Arg	0.0417	95	ORF7a_95A>G_Lys32Arg_missense
1346	27869	T	C	intergenic	ORF7a-ORF8	27869T>C		0.0357	27869	ORF7a-ORF8_27869T>C__intergenic
1347	27880	A	G	intergenic	ORF7a-ORF8	27880A>G		0.0357	27880	ORF7a-ORF8_27880A>G__intergenic
1348	27907	T	C	missense	ORF8	14T>C	Val5Ala	0.0357	14	ORF8_14T>C_Val5Ala_missense
1349	27917	A	G	synonymous	ORF8	24A>G	Gly8Gly	0.0357	24	ORF8_24A>G_Gly8Gly_synonymous
1350	27918	A	T	missense	ORF8	25A>T	Ile9Phe	0.0357	25	ORF8_25A>T_Ile9Phe_missense
1351	27921	A	G	missense	ORF8	28A>G	Ile10Val	0.0357	28	ORF8_28A>G_Ile10Val_missense
1356	28032	A	G	missense	ORF8	139A>G	Ile47Val	0.0769	139	ORF8_139A>G_Ile47Val_missense
1357	28075	G	A	missense	ORF8	182G>A	Cys61Tyr	0.0833	182	ORF8_182G>A_Cys61Tyr_missense
1358	28115	C	T	synonymous	ORF8	222C>T	Ile74Ile	0.0357	222	ORF8_222C>T_Ile74Ile_synonymous
1359	28123	G	A	missense	ORF8	230G>A	Gly77Asp	0.0714	230	ORF8_230G>A_Gly77Asp_missense
1360	28144	T	C	missense	ORF8	251T>C	Leu84Ser	0.9643	251	ORF8_251T>C_Leu84Ser_missense
1361	28193	G	A	synonymous	ORF8	300G>A	Val100Val	0.0588	300	ORF8_300G>A_Val100Val_synonymous
1362	28237	G	T	missense	ORF8	344G>T	Arg115Leu	0.0345	344	ORF8_344G>T_Arg115Leu_missense
1363	28274	A	G	start_lost	N	1A>G	Met1?	0.0345	1	N_1A>G_Met1?_start_lost
1364	28295	A	G	missense	N	22A>G	Asn8Asp	0.0345	22	N_22A>G_Asn8Asp_missense
1365	28519	C	T	synonymous	N	246C>T	As2Asp	0.0625	246	N_246C>T_As2Asp_synonymous
1371	28637	C	T	missense	N	364C>T	Pro122Ser	0.0588	364	N_364C>T_Pro122Ser_missense
1372	28707	A	G	missense	N	434A>G	His145Arg	0.0476	434	N_434A>G_His145Arg_missense
1373	28733	A	T	missense	N	460A>T	Asn154Tyr	0.0476	460	N_460A>T_Asn154Tyr_missense
1374	28738	T	C	synonymous	N	465T>C	Ala155Ala	0.0952	465	N_465T>C_Ala155Ala_synonymous
1375	28745	G	A	missense	N	472G>A	Val158Met	0.0476	472	N_472G>A_Val158Met_missense
1376	28750	A	G	synonymous	N	477A>G	Leu159Leu	0.0476	477	N_477A>G_Leu159Leu_synonymous
1377	29164	T	C	synonymous	N	891T>C	As97Asp	0.0476	891	N_891T>C_As97Asp_synonymous
1378	29177	C	T	missense	N	904C>T	Pro302Ser	0.0476	904	N_904C>T_Pro302Ser_missense
1379	29195	GC	G	frameshift	N	927delC	Ser310fs	0.0476	927	N_927delC_Ser310fs_frameshift
1380	29202	G	A	missense	N	929G>A	Ser310Asn	0.0476	929	N_929G>A_Ser310Asn_missense
1381	29235	G	C	missense	N	962G>C	Gly321Ala	0.0714	962	N_962G>C_Gly321Ala_missense
1382	29323	C	A	synonymous	N	1050C>A	Val350Val	0.0625	1050	N_1050C>A_Val350Val_synonymous
1383	29338	G	T	missense	N	1065G>T	Lys355Asn	0.0625	1065	N_1065G>T_Lys355Asn_missense
